<?xml version="1.0" encoding="UTF-8" standalone="yes"?>
<addon id="plugin.program.LimitlessTvWiz" name="Limitless Tv Wizard" version="2.0a" provider-name="LImitless Tv ">
  <requires>
    <import addon="xbmc.python" version="2.1.0"/>
  </requires>
  <extension point="xbmc.python.pluginsource" library="default.py">
    <provides>executable</provides>
  </extension>
  <extension point="xbmc.service" library="startup.py" start="startup" />
  <extension point="xbmc.addon.metadata">
    <summary lang="en">Limitless Tv Wizard</summary>
    <description lang="en">Limitless Tv Wizard allows you to get access to the latest Limitless Tv Custom Builds.</description>
    <platform>all</platform>
  </extension>
</addon>