<?xml version="1.0" encoding="UTF-8" standalone="yes"?>
<addon id="repository.LimitlessTvrepo" name="Limitless Tv Repo" version="1.0" provider-name="Limitless Tv ">
	<extension point="xbmc.addon.repository" name="LimitlessTv Repository">
		<dir>
			<info compressed="false">https://raw.githubusercontent.com/noobsandnerds/modules4all/master/zips/addons.xml</info>
			<checksum>https://raw.githubusercontent.com/noobsandnerds/modules4all/master/zips/addons.xml.md5</checksum>
			<datadir zip="true">https://raw.githubusercontent.com/noobsandnerds/modules4all/master/zips/</datadir>
		</dir>
		<info compressed="false">https://raw.githubusercontent.com/andyc2783/repository.LimitlessTvRepo/master/zips/addons.xml</info>
		<checksum>https://raw.githubusercontent.com/andyc2783/repository.LimitlessTvRepo/master/zips/addons.xml.md5</checksum>
		<datadir zip="true">https://raw.githubusercontent.com/andyc2783/repository.LimitlessTvRepo/master/zips/</datadir>
	</extension>
	<extension point="xbmc.addon.metadata">
		<summary lang="en">Limitless Tv Repository</summary>
		<description lang="en">Limitless Tv repository for all Limitless Tv builds and wizard</description>
		<genre></genre>
	</extension>
</addon>